Geographic Identifier,Percent Rich Houses
42001030101,0.240040858
42001030102,0.223099704
42001030200,0.143110323
42001030300,0.152796726
42001030400,0.131042749
42001030500,0.146206046
42001030600,0.211984172
42001030700,0.140547264
42001030800,0.166963332
42001030900,0.083542488
42001031000,0.132743363
42001031101,0.0625
42001031102,0.192962543
42001031201,0.244005642
42001031202,0.214125561
42001031203,0.233652313
42001031300,0.104942038
42001031401,0.195741758
42001031402,0.142376682
42001031501,0.337579618
42001031502,0.145376804
42001031600,0.311447084
42001031700,0.119596542
42003010300,0
42003020100,0.204671174
42003020300,0.25984252
42003030500,0.025203252
42003040200,0.031034483
42003040300,0.62195122
42003040400,0.145292809
42003040500,0
42003040600,0.009355509
42003040900,0.038800705
42003050100,0.020682523
42003050600,0.085497835
42003050700,0.068219634
42003050900,0.014388489
42003051000,0.008310249
42003051100,0
42003060300,0.021638331
42003060500,0.152447552
42003070300,0.349337748
42003070500,0.212868633
42003070600,0.208955224
42003070800,0.230375427
42003070900,0.157692308
42003080200,0.007658643
42003080400,0.03410475
42003080600,0.099630996
42003080700,0.038537549
42003080900,0.036663611
42003090100,0.010183299
42003090200,0.054765292
42003090300,0.012113055
42003100500,0.135552913
42003101100,0.043956044
42003101400,0.150151976
42003101600,0
42003101700,0.104166667
42003101800,0.163265306
42003110200,0.1184521
42003110600,0.348245614
42003111300,0.022544283
42003111400,0.019077901
42003111500,0.02457265
42003120100,0
42003120200,0.037344398
42003120300,0.047895501
42003120400,0.036363636
42003120700,0
42003120800,0
42003130100,0.027466938
42003130200,0.082706767
42003130300,0.011538462
42003130400,0.014109347
42003130600,0.036514523
42003140100,0.569607843
42003140200,0.291314374
42003140300,0.462372449
42003140400,0.507374631
42003140500,0.139713971
42003140600,0.393476752
42003140800,0.264705882
42003141000,0.32962963
42003141100,0.243421053
42003141300,0.149881983
42003141400,0.272033575
42003150100,0.088797814
42003150400,0
42003151500,0.092670598
42003151600,0.098082596
42003151700,0.138279933
42003160300,0.025198939
42003160400,0
42003160600,0
42003160700,0
42003160800,0.063529412
42003160900,0.187908497
42003170200,0.118944844
42003170600,0.183457052
42003180300,0.031479538
42003180600,0.059101655
42003180700,0.084821429
42003180900,0.080094229
42003190300,0.206837607
42003191100,0.198912199
42003191400,0.127833753
42003191500,0.031158715
42003191600,0.07393617
42003191700,0.075437538
42003191800,0.096326531
42003191900,0.065789474
42003192000,0.063492063
42003192100,0.555555556
42003201600,0.128404669
42003201700,0
42003201800,0.017132552
42003201900,0
42003202000,0.074974671
42003202100,0.056994819
42003202200,0.074468085
42003202300,0.133779264
42003210700,0.133982948
42003210800,0
42003220100,0.083743842
42003220400,0.054205607
42003220500,0.371584699
42003220600,0.194388778
42003230400,0.089298893
42003240600,0.097378277
42003241200,0.018092105
42003250300,0.160305344
42003250700,0.052238806
42003250900,0.014880952
42003260200,0.086223984
42003260700,0.174165457
42003260900,0.011385199
42003261200,0.159554731
42003261400,0.038793103
42003261500,0.03625
42003262000,0.068010076
42003270100,0.151079137
42003270300,0.048623853
42003270400,0.099547511
42003270800,0.106595092
42003271500,0.044756179
42003280500,0
42003280700,0.082926829
42003280800,0
42003281100,0.14829932
42003281200,0.059130435
42003281400,0.042071197
42003281500,0.115983027
42003290100,0.030985915
42003290200,0.04040404
42003290400,0.094742607
42003300100,0.091534756
42003310100,0
42003310200,0.168348045
42003310300,0.383027523
42003320400,0.108695652
42003320600,0.147977941
42003320700,0.059945504
42003401100,0.129620253
42003401200,0.075604053
42003401300,0.158526135
42003402000,0.034733441
42003403500,0.103296703
42003404000,0.0681458
42003405000,0.141129032
42003406000,0.174512055
42003407001,0.164018692
42003407002,0.208548268
42003408001,0.352402746
42003408002,0.436130412
42003409000,0.596638655
42003410000,0.570071259
42003411000,0.560743427
42003412001,0.592771084
42003412002,0.608187135
42003413100,0.43655914
42003413201,0.343626807
42003413202,0.350993377
42003413300,0.29686576
42003413400,0.382545932
42003413500,0.230351171
42003414101,0.369738945
42003414102,0.323390895
42003414200,0.418740849
42003415001,0.253776435
42003415002,0.380846325
42003416000,0.093535076
42003417100,0.104231166
42003417200,0.045226131
42003418000,0.116136919
42003419000,0.180274331
42003420000,0.057971014
42003421100,0.416201117
42003421200,0.458075408
42003422000,0.747757256
42003423000,0.288324067
42003424000,0.022915341
42003425000,0.050505051
42003426300,0.223594549
42003426400,0.171961674
42003426700,0.101123596
42003426800,0.196901549
42003427000,0.032360743
42003427100,0.288192771
42003427200,0.107708014
42003428100,0.053435115
42003428200,0.159914712
42003429100,0.104519774
42003429201,0.344188658
42003429202,0.29703504
42003429300,0.193338749
42003429400,0.230088496
42003429500,0.176247031
42003429600,0.098773402
42003429700,0.133126935
42003430100,0.12458287
42003430200,0.187227866
42003431100,0.078795644
42003431400,0.09371293
42003431500,0.084322299
42003432300,0.090586146
42003432400,0.031507877
42003433000,0.487804878
42003434000,0.364973262
42003435000,0.083333333
42003436000,0.361774744
42003437000,0.426793558
42003438000,0.413793103
42003439000,0.394265233
42003440000,0.551724138
42003441000,0.33995585
42003442000,0.280487805
42003443000,0.054054054
42003444000,0.605882353
42003445500,0.258213256
42003446000,0.60591133
42003447000,0.290613718
42003448000,0.08952381
42003449000,0.14921875
42003450700,0.12112473
42003450800,0.037151703
42003451101,0.359574468
42003451102,0.195150115
42003451103,0.257586207
42003451300,0.407258065
42003452000,0.234337637
42003453001,0.271391076
42003453002,0.201877934
42003454000,0.101796407
42003455000,0.173285199
42003456001,0.28999212
42003456003,0.339112698
42003456004,0.245494398
42003457100,0.086551265
42003457200,0.128106019
42003458000,0.239845261
42003459101,0.207906296
42003459102,0.323896353
42003459201,0.247463768
42003459202,0.040733198
42003460001,0.207328386
42003460002,0.314977974
42003461000,0.059440559
42003462100,0.040880503
42003462600,0.093441672
42003463900,0.109285127
42003464300,0.107541899
42003464400,0.026315789
42003465600,0.123569794
42003465800,0.193135544
42003466000,0.554216867
42003467000,0.586387435
42003468700,0.183647799
42003468800,0.059101655
42003468900,0.121822034
42003469000,0.258573762
42003470300,0.158686731
42003470400,0.138702461
42003470500,0.209859637
42003470600,0.077377049
42003471000,0.088345865
42003472100,0.134663342
42003472200,0.124758221
42003472300,0.054669704
42003472400,0.135678392
42003473100,0.363267377
42003473200,0.205725699
42003473300,0.297785811
42003473401,0.306701031
42003473402,0.532176428
42003473500,0.533386328
42003473601,0.576776165
42003473602,0.329809725
42003474101,0.474457663
42003474102,0.588281869
42003474201,0.601873536
42003474202,0.501704545
42003474203,0.547169811
42003475101,0.148131057
42003475102,0.243941842
42003475200,0.276033058
42003475301,0.080587937
42003475303,0.349184783
42003475304,0.306692345
42003475401,0.2406639
42003475402,0.356687898
42003476100,0.10917226
42003476200,0.119596542
42003477100,0.248990579
42003477200,0.153148346
42003477300,0.195954488
42003478100,0.089376915
42003478200,0.117842324
42003479000,0.21299639
42003480101,0.070429829
42003480102,0.126391097
42003480200,0.15078125
42003480300,0.180105501
42003480400,0.170653174
42003481000,0.036599099
42003482500,0.113294798
42003483800,0.052668053
42003484300,0.067701863
42003484500,0.094767655
42003484600,0.103632479
42003485000,0.071678322
42003486700,0.005755396
42003486800,0.020811655
42003486900,0.025136612
42003487000,0.058411215
42003488100,0.088442211
42003488200,0.09762901
42003488300,0.125
42003488400,0.05517909
42003488500,0.145073701
42003488600,0.14057971
42003489001,0.260084926
42003489002,0.204066265
42003490002,0.11624947
42003490003,0.314179104
42003490004,0.355581128
42003491101,0.325195313
42003491102,0.228665208
42003491200,0.247981546
42003492700,0.044517725
42003492800,0.045189504
42003492900,0.074450085
42003493000,0.059090909
42003494000,0.053208138
42003495000,0.152841782
42003496101,0.172072072
42003496102,0.174972914
42003496200,0.10480167
42003497000,0.063205418
42003498000,0.095864662
42003499300,0.036982249
42003499400,0.007429421
42003500300,0.04843148
42003501000,0.045092838
42003502000,0.144
42003503001,0.160997732
42003503002,0.141240876
42003504100,0.058798466
42003504400,0.128794449
42003505000,#DIV/0!
42003506000,0.036900369
42003507000,0.035992218
42003508000,0.017905103
42003509400,0.062079873
42003510000,0.036900369
42003511000,0.095238095
42003512000,0.044128646
42003512800,0.062222222
42003512900,0.057971014
42003513800,0.072056239
42003514000,0.027292576
42003515100,0.043630017
42003515200,0.060396894
42003515300,0.049395161
42003515400,0.11183355
42003515500,0.278571429
42003516100,0.29245283
42003516200,0.226966292
42003517000,0.096807415
42003518001,0.25
42003518002,0.110294118
42003519000,0.315087719
42003520001,0.18250472
42003520002,0.109343936
42003521100,0.192525481
42003521200,0.116313455
42003521301,0.18469657
42003521302,0.139968896
42003521401,0.137719298
42003521402,0.400933956
42003521500,0.199042044
42003522000,0.074982958
42003523100,0.04290429
42003523200,0.13368669
42003523300,0.106148492
42003523400,0.121961269
42003523501,0.059715204
42003523502,0.032485876
42003523600,0.113775065
42003523701,0.083199141
42003523702,0.078588613
42003523800,0.118580376
42003524000,0.094728171
42003525100,0.295585413
42003525200,0.073636364
42003525300,0.27480916
42003526101,0.245559846
42003526102,0.170426065
42003526201,0.262365591
42003526202,0.219318182
42003526301,0.174919614
42003526302,0.162878788
42003550900,0
42003551200,0.023603915
42003551300,0.069444444
42003551900,0
42003552000,0.045561665
42003552100,0
42003552200,0.051724138
42003552300,0.050561798
42003552400,0.034137728
42003560400,0.00969697
42003560500,0.12257564
42003560600,0
42003561000,0.063342318
42003561100,0.022959184
42003561200,0
42003561400,0.08543923
42003561500,0.073324905
42005980100,0.087513935
42005980200,0.107446809
42005980300,0.087024087
42005980400,0.116634799
42005980500,0.126112186
42005980600,0.066460587
42005980700,0.108550637
42005980800,0.07115869
42005980900,0.096698113
42005981000,0.033015873
42005981100,0.04593453
42005981200,0.136209814
42005981300,0.162948594
42005981400,0.098842386
42005981500,0.02574103
42005981600,0.062559242
42005981700,0.084280936
42005981800,0.110581506
42005981900,0.056179775
42007600101,0.132784959
42007600102,0.131926121
42007600200,0.091606306
42007600300,0.098726115
42007600400,0.063888889
42007600500,0.08952381
42007600601,0.05808656
42007600602,0.16011236
42007600700,0.228708791
42007600800,0.025316456
42007600900,0.050874404
42007601000,0.151979566
42007601100,0.035250464
42007601200,0.015691869
42007601300,0.097396336
42007601400,0.067361111
42007601500,0.061359867
42007601600,0.058333333
42007601700,0.126655629
42007601800,0.130040638
42007601900,0.151490066
42007602000,0.075
42007602100,0.057610673
42007602200,0.061007958
42007602300,0.17721519
42007602400,0.191919192
42007602500,0.028314028
42007602601,0.210295041
42007602602,0.286979628
42007602701,0.138242894
42007602702,0.113492063
42007602800,0.064401982
42007602900,0.19150641
42007603000,0.169166667
42007603100,0.11682243
42007603201,0.107808564
42007603202,0.321714744
42007603300,0.070957096
42007603400,0.084004603
42007603500,0.055393586
42007603600,0.086646279
42007603700,0.093913956
42007603801,0.142991533
42007603802,0.410354746
42007603803,0.148387097
42007603900,0.176204819
42007604000,0.073129252
42007604100,0.04197349
42007604200,0.010973937
42007604300,0.051933702
42007604400,0.17961165
42007604500,0.042177914
42007604600,0.041463415
42007604700,0.100997506
42007604800,0.122125703
42007604901,0.197456493
42007604902,0.177908113
42007605001,0.242044359
42007605002,0.141649049
42009980100,0.10522696
42009980200,0.073464218
42009980300,0.103378719
42009980400,0.085623679
42009980500,0.045096636
42009980600,0.034573304
42009980700,0.041825095
42009980800,0.108041441
42009980900,0.071758073
42009981000,0.092920354
42009981100,0.073833432
42011000100,0.005469079
42011000200,0.017088608
42011000300,0.148969889
42011000400,0.040963855
42011000500,0.0936
42011000600,0.1171875
42011000700,0.025817556
42011000800,0.011484824
42011000900,0.019880716
42011001000,0.018888889
42011001100,0.007159905
42011001200,0.052631579
42011001300,0.059334298
42011001400,0.016759777
42011001500,0
42011001600,0.022566996
42011001700,0.028907923
42011001800,0.037878788
42011001900,0.076581576
42011002000,0.031186441
42011002100,0.017797553
42011002200,0.001848429
42011002300,0.030263158
42011002500,0.008410429
42011002600,0.019900498
42011002700,0.150341686
42011002900,0.058516196
42011010100,0.152236356
42011010200,0.190647482
42011010301,0.216620306
42011010302,0.244196843
42011010400,0.179782904
42011010500,0.139198218
42011010600,0.33173785
42011010700,0.266583229
42011010800,0.256045137
42011010902,0.152621102
42011010903,0.222617988
42011010904,0.284057971
42011010905,0.092488503
42011011000,0.193779904
42011011100,0.324696803
42011011200,0.113550341
42011011300,0.09751434
42011011400,0.099340866
42011011500,0.14937454
42011011601,0.198800738
42011011602,0.236623068
42011011603,0.28810854
42011011701,0.304705004
42011011702,0.35840188
42011011703,0.287051482
42011011800,0.186486486
42011011901,0.348473185
42011011902,0.209497207
42011012001,0.103697024
42011012002,0.185576077
42011012101,0.150318471
42011012102,0.367978223
42011012103,0.418300654
42011012200,0.131007752
42011012300,0.14774579
42011012400,0.107635695
42011012500,0.124533001
42011012600,0.041025641
42011012700,0.232115907
42011012800,0.067512983
42011012900,0.203215874
42011013000,0.200225819
42011013100,0.237279843
42011013200,0.093224932
42011013300,0.239703704
42011013401,0.347386172
42011013402,0.262295082
42011013500,0.230645161
42011013600,0.168382798
42011013700,0.123445274
42011013800,0.095859331
42011013900,0.229551451
42011014000,0.135567784
42011014100,0.133465347
42011014200,0.155398587
42013010101,0.108108108
42013010102,0.0395189
42013010103,0.082551595
42013010401,0.041666667
42013010402,0.106575145
42013010500,0.189666037
42013010600,0.156345178
42013010700,0.178557351
42013010800,0.071530758
42013010900,0.277388535
42013011001,0.121536524
42013011002,0.112244898
42013011100,0.166196189
42013011200,0.105445117
42013011300,0.085222121
42013011400,0.082511211
42013011500,0.062357761
42013011600,0.08678501
42013100200,0.100202429
42013100300,0.009715994
42013100400,0.143063584
42013100500,0.074581431
42013100600,0.1155596
42013100700,0.068831169
42013100800,0.096345515
42013100900,0.021365294
42013101100,0.142663043
42013101200,0.111111111
42013101400,0.065519523
42013101500,0.058365759
42013101600,0.019323671
42013101700,0.033716475
42013101800,0.040816327
42013101900,0
42015980100,0.117861482
42015980200,0.091715976
42015980300,0.077985378
42015980400,0.091595845
42015980500,0.137777778
42015980600,0.101331789
42015980700,0.087956022
42015980800,0.091203105
42015980900,0.109360936
42015981000,0.097464342
42015981100,0.14171123
42015981200,0.078960275
42015981300,0.063599459
42015981400,0.04020979
42017100102,0.102667745
42017100103,0.136178862
42017100104,0.166378814
42017100105,0.140278917
42017100201,0.196681008
42017100206,0.336398053
42017100207,0.10472973
42017100208,0.146486029
42017100209,0.206047632
42017100210,0.28078635
42017100211,0.234109221
42017100212,0.33060668
42017100302,0.133401744
42017100303,0.151644336
42017100304,0.114285714
42017100306,0.101071975
42017100307,0.108643168
42017100401,0.166807432
42017100402,0.120418848
42017100403,0.113793103
42017100404,0.180472189
42017100406,0.298780488
42017100407,0.148727984
42017100408,0.210801394
42017100500,0.150897227
42017100600,0.083811711
42017100700,0.123989218
42017100803,0.233766234
42017100804,0.406908172
42017100805,0.207607699
42017100807,0.29414838
42017100808,0.475232198
42017100809,0.629427793
42017100810,0.271028037
42017100811,0.195385371
42017100900,0.397995705
42017101000,0.18875502
42017101100,0.190828402
42017101200,0.426294821
42017101300,0.366972477
42017101401,0.318813131
42017101403,0.3978907
42017101404,0.29138322
42017101405,0.194577352
42017101503,0.279459111
42017101504,0.274140753
42017101505,0.464190981
42017101506,0.372259052
42017101603,0.099659284
42017101605,0.071473751
42017101607,0.235251799
42017101608,0.281378179
42017101609,0.287610619
42017101610,0.365704772
42017101611,0.291403785
42017101700,0.339901478
42017101802,0.59143469
42017101803,0.431928687
42017101804,0.345359134
42017101900,0.421438083
42017102002,0.449275362
42017102003,0.489482201
42017102004,0.428995841
42017102102,0.426840634
42017102103,0.49009901
42017102104,0.261737723
42017102200,0.29338843
42017102300,0.376760563
42017102400,0.28079113
42017102500,0.171571349
42017102600,0.155810983
42017102700,0.240145228
42017102801,0.376297578
42017102802,0.305963303
42017102900,0.190972222
42017103001,0.326043738
42017103002,0.231404959
42017103101,0.079329609
42017103102,0.192156863
42017103103,0.152681388
42017103200,0.234972678
42017103300,0.344165436
42017103400,0.284460506
42017103500,0.418539326
42017103600,0.19379845
42017103700,0.296995108
42017103800,0.227074236
42017103900,0.349078341
42017104000,0.395280236
42017104100,0.219336219
42017104200,0.451662015
42017104300,0.54029099
42017104400,0.375130617
42017104501,0.691601652
42017104502,0.364627786
42017104601,0.541289934
42017104603,0.521058315
42017104604,0.427406199
42017104701,0.174512055
42017104702,0.401006711
42017104703,0.345744681
42017104800,0.315642458
42017104901,0.680499777
42017104902,0.484678625
42017105003,0.568476978
42017105004,0.544310722
42017105006,0.537701508
42017105007,0.606189968
42017105008,0.611434109
42017105009,0.312981624
42017105010,0.558682224
42017105011,0.445074415
42017105100,0.47624076
42017105202,0.386084584
42017105203,0.591724138
42017105204,0.599461708
42017105300,0.383190883
42017105400,0.668588874
42017105501,0.717796274
42017105503,0.5
42017105505,0.526792453
42017105506,0.793486894
42017105507,0.653406686
42017105600,0.344864865
42017105702,0.137211037
42017105704,0.197798295
42017105801,0.344687753
42017105805,0.182684341
42017105806,0
42017105807,0.130377234
42017105808,0.105504587
42017105809,0.204865557
42017105810,0.246315789
42017105811,0.180412371
42017105812,0.275310835
42017105900,0.195652174
42019902100,0.126254181
42019902200,0.04040404
42019902300,0.058704453
42019902400,0.029520295
42019902500,0.020700637
42019902600,0.131669535
42019902700,0.139976275
42019902800,0.104775481
42019902900,0.197836167
42019903000,0.257142857
42019903100,0.266405485
42019910100,0.130625
42019910200,0.086956522
42019910300,0.124331861
42019910400,0.167624521
42019910500,0
42019910600,0.093196112
42019910700,0.123125493
42019910800,0.137426901
42019910900,0.242508068
42019911000,0.148030243
42019911100,0.17324014
42019911200,0.128791414
42019911300,0.12702828
42019911400,0.169191919
42019911501,0.167439899
42019911502,0.135774648
42019911600,0.301621622
42019911700,0.151548072
42019911800,0.226615646
42019911900,0.14544688
42019912000,0.43934822
42019912101,0.379661017
42019912102,0.179560649
42019912200,0.3788774
42019912300,0.50609433
42019912400,0.426802622
42019912700,0.204028348
42019912800,0.277442095
42021000100,0.012168142
42021000200,0
42021000300,0.003902439
42021000400,0
42021000500,0.115226337
42021000600,0.012435233
42021000700,0.100759144
42021000800,0.0375
42021000900,0.030726257
42021001000,0
42021001100,0
42021001200,0.005870841
42021001300,0.007479432
42021001400,0
42021010100,0.074481074
42021010200,0.064032698
42021010300,0.07120743
42021010400,0.029462738
42021010500,0.084127874
42021010600,0.084493965
42021010700,0.130434783
42021010801,0.153385537
42021010802,0.157738095
42021010900,0.074626866
42021011000,0.033850494
42021011100,0.172598732
42021011200,0.151093439
42021011300,0.307998013
42021011400,0.053479011
42021011500,0.123795761
42021011600,0.059911894
42021011700,0.035934292
42021011800,0.064900662
42021011900,0.056413302
42021012000,0.068
42021012100,0.060483871
42021012200,0.061050061
42021012300,0.109234234
42021012400,0.091164095
42021012500,0.123963134
42021012600,0.100284495
42021012700,0.062015504
42021012800,0.081335616
42021012900,0.08627204
42021013000,0.05244123
42021013100,0.053537285
42021013200,0.090290662
42021013300,0.143806174
42023960100,0.071146245
42023960200,0.115384615
42025020101,0.166523605
42025020102,0.154103053
42025020200,0.094796289
42025020300,0.070472441
42025020400,0.028101803
42025020500,0.155686419
42025020600,0.092426187
42025020700,0.168269231
42025020800,0.160435679
42025020900,0.077343039
42027010100,0.115176152
42027010200,0.068627451
42027010300,0.077348066
42027010400,0.129836066
42027010500,0.10660878
42027010600,0.090201168
42027010700,0.137828458
42027010800,0.086496577
42027010900,0.117625232
42027011000,0.123126338
42027011100,0.117668894
42027011200,0.167556742
42027011300,0.136467516
42027011400,0.365384615
42027011500,0.180424528
42027011600,0.216609589
42027011700,0.385776912
42027011800,0.333910035
42027011901,0.458333333
42027011902,0.307387863
42027012000,0.056497175
42027012100,0.15942029
42027012200,0
42027012300,0.453416149
42027012400,0.098016336
42027012500,0.02111437
42027012600,0.012491325
42027012700,0.285033365
42027012800,0.069608735
42029300101,0.459377373
42029300103,0.407784986
42029300104,0.529828109
42029300106,0.350022153
42029300107,0.716107383
42029300108,0.422529796
42029300109,0.616144975
42029300201,0.481422505
42029300202,0.67936694
42029300301,0.501169591
42029300302,0.582125604
42029300303,0.372262774
42029300400,0.298924731
42029300500,0.541339986
42029300600,0.264454976
42029300700,0.172928461
42029300800,0.155599604
42029300900,0.175345377
42029301000,0.438383046
42029301100,0.126293996
42029301201,#DIV/0!
42029301202,0.43695949
42029301300,0.357051007
42029301401,0.142487047
42029301402,0.355243352
42029301500,0.467213115
42029301600,0.311918063
42029301700,0.46397188
42029301800,0.595135908
42029301900,0.622800306
42029302000,0.673511294
42029302101,0.450178845
42029302102,0.470972424
42029302202,0.404006678
42029302203,0.512591815
42029302204,0.396610169
42029302300,0.15
42029302400,0.179297597
42029302500,0.316199377
42029302600,0.034946237
42029302701,0.359758146
42029302702,0.199009901
42029302703,0.643846781
42029302704,0.585501859
42029302802,0.605072464
42029302803,0.210925645
42029302804,0.463806971
42029302805,0.237828268
42029302901,0.506097561
42029302902,0.578796562
42029303000,0.585387324
42029303100,0.769396552
42029303200,0.682384342
42029303300,0.502249913
42029303401,0.136279926
42029303402,0.166908563
42029303500,0.617209632
42029303600,0.74965035
42029303700,0.475806452
42029303801,0.447789878
42029303802,0.509947219
42029303900,0.606666667
42029304000,0.423447537
42029304101,0.139731477
42029304102,0.150036955
42029304201,0.266071429
42029304202,0.347118959
42029304300,0.50457118
42029304402,0.692932331
42029304403,0.395532194
42029304404,0.352775165
42029304500,0.745420088
42029304600,0.544609665
42029304700,0.309352518
42029304800,0.223062382
42029304900,0.273387829
42029305000,0.185950413
42029305100,0.327150084
42029305200,0.39516129
42029305300,0.209235799
42029305400,0.179253112
42029305500,0.056709265
42029305600,0.121394231
42029305700,0.1375
42029305800,0.176699029
42029305900,0.150289017
42029306000,0.331469649
42029306100,0.497487437
42029306200,0.369414101
42029306300,0.251348436
42029306400,0.169014085
42029306500,0.568213011
42029306600,0.547709924
42029306700,0.624546115
42029306800,0.385714286
42029306900,0.619734564
42029307000,0.340765875
42029307100,0.412942989
42029307200,0.237762238
42029307300,0.255852843
42029307400,0.105008078
42029307500,0.201765448
42029307600,0.22979798
42029307700,0.251580278
42029307800,0.368852459
42029307900,0.330875576
42029308000,0.125080593
42029308100,0.364096573
42029308200,0.174291939
42029310200,0.171875
42029310400,#DIV/0!
42029310500,0.334963325
42029310900,1
42031990100,0.094724682
42031990200,0.063253012
42031990300,0.091149974
42031990400,0.084659453
42031990500,0.063151042
42031990600,0.095182821
42031990700,0.052406417
42031990800,0.118623233
42031990900,0.097609562
42033330100,0.09884042
42033330200,0.024827586
42033330300,0.064548664
42033330400,0.194665605
42033330500,0.069616838
42033330600,0.095238095
42033330700,0.087009804
42033330800,0.050749319
42033330900,0.031514741
42033331000,0.090332805
42033331100,0.043233083
42033331200,0.144806672
42033331300,0.073964497
42033331400,0.074523966
42033331500,0.033692722
42033331600,0.052772809
42033331700,0.076004343
42033331800,0.024207012
42033331900,0.049946865
42035970100,0.027991603
42035970200,0.083791209
42035970300,0.120817844
42035970400,0.095435685
42035970500,0.067767654
42035970600,0.020481928
42035970700,0.045167118
42035970800,0.055108359
42035970900,0.096153846
42037050100,0.094736842
42037050200,0.095671982
42037050300,0.155949367
42037050400,0.162042175
42037050500,0.159027778
42037050600,0.039098436
42037050700,0.036656236
42037050800,0.101792574
42037050900,0.257116621
42037051000,0.093418259
42037051100,0.09106383
42037051200,0.05686747
42037051300,0.10254491
42037051400,0.147605083
42037051500,0.113989637
42039110100,0.088847756
42039110200,0.088090204
42039110300,0.08174692
42039110400,0.067854114
42039110500,0.116961588
42039110600,0.087269816
42039110700,0.104417671
42039110800,0.101312336
42039110900,0.082157676
42039111000,0.105626851
42039111100,0.055771725
42039111200,0.132958801
42039111300,0.08045977
42039111400,0.178685048
42039111500,0.093279022
42039111600,0.025066667
42039111700,0.22462203
42039111800,0.115705615
42039111900,0.108424337
42039112000,0.068236715
42041010100,0.052917232
42041010201,0.226762002
42041010202,0.323448487
42041010300,0.163788301
42041010400,0.353805073
42041010500,0.196266968
42041010600,0.098125689
42041010700,0.213531968
42041010800,0.100741656
42041010900,0.215079749
42041011000,0.104145602
42041011100,0.186955299
42041011200,0.095558546
42041011301,0.321172249
42041011302,0.499413834
42041011303,0.501282051
42041011304,0.225988701
42041011305,0.249115715
42041011400,0.101061375
42041011500,0.17924075
42041011601,0.168597169
42041011602,0.527719298
42041011603,0.241996744
42041011700,0.350520127
42041011801,0.286997007
42041011802,0.323214286
42041011803,0.235760634
42041011901,0.23011212
42041011902,0.149193548
42041012000,0.159450898
42041012100,0.051136364
42041012200,0.057285181
42041012300,0.102097902
42041012400,0.229102167
42041012500,0.266862834
42041012600,0.144453998
42041012700,0.293218976
42041012800,0.16381336
42041012900,0.065693431
42041013000,0.11637403
42041013101,0.139037433
42041013102,0.047473201
42041013200,0.067988669
42043020100,0.045240339
42043020300,0.065429688
42043020400,0.054856115
42043020500,0.098001289
42043020600,0.017045455
42043020700,0
42043020800,0.068071313
42043020900,0.176470588
42043021100,0.035616438
42043021200,0
42043021300,0.055304173
42043021400,0.037735849
42043021500,0.031939163
42043021600,0.061739944
42043021700,0.103978979
42043021800,0.177947598
42043021900,0.289226727
42043022000,0.110307414
42043022100,0.164975974
42043022200,0.111904762
42043022300,0.142671855
42043022401,0.458206687
42043022403,0.134323204
42043022501,0.442965779
42043022502,0.277501132
42043022601,0.209369369
42043022603,0.166508389
42043022604,0.328964613
42043022700,0.16928392
42043022800,0.197626419
42043022900,0.075315629
42043023000,0.158438576
42043023100,0.183774834
42043023300,0.052271313
42043023400,0.064714946
42043023500,0.078113486
42043023600,0.217499224
42043023700,0.058917197
42043023800,0.043333333
42043023900,0.114367405
42043024001,0.196340919
42043024002,0.431051109
42043024101,0.1276901
42043024102,0.246856386
42043024103,0.379242499
42043024200,0.17827529
42043024300,0.222501571
42043024400,0.160947318
42043024502,0.21498708
42043024503,0.395454545
42043024600,0.261648746
42043024700,0.237588652
42043024800,0.179906542
42043024900,0.092132505
42043025000,0.082121471
42043025100,0.138586957
42043025200,0.098385857
42043025300,0.16796875
42043025400,0.05506993
42045400100,0.084745763
42045400200,0.1
42045400301,0.026740433
42045400302,0.046825397
42045400401,0.097651422
42045400402,0.063941991
42045400500,0.093729373
42045400600,0.225520833
42045400700,0.261789601
42045400801,0.026134801
42045400802,0.303106633
42045400900,0.560714286
42045401000,0.437869822
42045401101,0.162071846
42045401103,0.470238095
42045401104,0.323364486
42045401200,0.288652482
42045401301,0.077994429
42045401302,0.301380991
42045401401,0.196491228
42045401402,0.118210863
42045401501,0.196861626
42045401502,0.206365503
42045401600,0.216642755
42045401700,0.129812981
42045401800,0.215128383
42045401900,0.151609553
42045402000,0.225570776
42045402100,0.112588652
42045402200,0.196195006
42045402300,0.079595704
42045402400,0.053868756
42045402500,0.038114343
42045402600,0.095423564
42045402700,0.12143928
42045402800,0.075553417
42045402900,0.103723404
42045403001,0.231066461
42045403002,0.110569106
42045403101,0.100917431
42045403103,0.101303912
42045403104,0.12364946
42045403200,0.240989779
42045403300,0.058802045
42045403401,0.115953307
42045403402,0.150194553
42045403501,0.090807799
42045403502,0.104079933
42045403601,0.165137615
42045403602,0.245199409
42045403701,0.183041723
42045403702,0.20856102
42045403800,0.190515807
42045403901,0.236167341
42045403902,0.246438746
42045404002,0.21791153
42045404003,0.155421687
42045404004,0.247866894
42045404101,0.172482952
42045404102,0.177260982
42045404103,0.18026418
42045404200,0.477124183
42045404300,0.097161572
42045404400,0.12034384
42045404500,0.04781077
42045404600,0.038245219
42045404700,0.067395264
42045404800,0.150121065
42045404900,0.059278351
42045405000,0.032258065
42045405100,0.046803653
42045405200,0.005477308
42045405300,0.073876618
42045405400,0.007518797
42045405600,0
42045405700,0.043055556
42045405800,0.049575071
42045406100,0.099201824
42045406201,0.206735267
42045406202,0.198542024
42045406300,0.061728395
42045406401,0.126953125
42045406402,0.05893186
42045406500,0.116714697
42045406600,0.08988764
42045406700,0.166
42045406801,0.309945088
42045406802,0.207456404
42045406803,0.313333333
42045406902,0.26356258
42045406903,0.322
42045406904,0.314655172
42045407000,0.385436893
42045407101,0.4384273
42045407102,0.433216169
42045407201,0.412891986
42045407202,0.305855162
42045407300,0.643712575
42045407401,0.562111801
42045407403,0.375265618
42045407404,0.574898785
42045407501,0.245584525
42045407502,0.12126752
42045407600,0.576041667
42045407700,0.22475856
42045407801,0.348292029
42045407802,0.482954545
42045407803,0.440866511
42045407804,0.461274846
42045407805,0.283524904
42045407806,0.38252149
42045407901,0.67146433
42045407902,0.309016393
42045407903,0.26980198
42045408001,0.439642325
42045408002,0.446930946
42045408101,0.365200765
42045408102,0.319008264
42045408103,0.285353535
42045408300,0.539384846
42045408400,0.578040904
42045408500,0.378857518
42045408600,0.468131868
42045408700,0.537370431
42045408800,0.413326653
42045408900,0.46886121
42045409000,0.364784547
42045409100,0.421499293
42045409200,0.291881443
42045409300,0.287410926
42045409400,0.458984375
42045409500,0.407175399
42045409601,0.475924987
42045409602,0.22361809
42045409701,0.661182519
42045409702,0.338983051
42045409802,0.42473822
42045409803,0.396463788
42045409902,0.431061807
42045409903,0.349781387
42045409904,0.649641577
42045410000,0.625150421
42045410100,0.607692308
42045410200,0.464231355
42045410301,0.53856383
42045410302,0.42936803
42045410400,0.610729881
42047990100,0.134199134
42047990200,0.11308204
42047990400,0.057908847
42047990500,0.041897233
42047990900,0.06132542
42047991000,0.079463858
42047991100,0.129636861
42047991200,0.092255125
42047991300,0.14666065
42049000000,#DIV/0!
42049000100,0
42049000200,0.272506083
42049000300,0.086206897
42049000400,0.051282051
42049000500,0.006279435
42049000600,0.064006024
42049000700,0.031536114
42049000800,0.004359198
42049000900,0.068816169
42049001000,0.065350579
42049001100,0.059836809
42049001200,0
42049001300,0.026052104
42049001400,0.016666667
42049001500,0
42049001600,0.042098841
42049001700,0.017316017
42049001800,0.019578313
42049001900,0
42049002000,0.016837482
42049002100,0.027888446
42049002200,0.070904645
42049002300,0.108378171
42049002400,0.055684455
42049002500,0.016528926
42049002600,0.082692308
42049002700,0.105821808
42049002800,0.083969466
42049002900,0.281177382
42049003000,0.072186837
42049010101,0.086882453
42049010103,0.043165468
42049010104,0.177508269
42049010107,0.055821372
42049010109,0.454545455
42049010201,0.078111588
42049010202,0.168831169
42049010301,0.178207193
42049010303,0.172161172
42049010304,0.391409558
42049010400,0.155121951
42049010500,0.055335968
42049010600,0.098226467
42049010700,0.161271676
42049010800,0.139599171
42049010902,0.230906921
42049010903,0.227200634
42049010904,0.511348465
42049011001,0.240361237
42049011002,0.113351499
42049011101,0.189797038
42049011102,0.297904192
42049011201,0.169758291
42049011202,0.122858337
42049011300,0.04664723
42049011400,0.096845194
42049011503,0.262162162
42049011504,0.209314775
42049011505,0.127812781
42049011507,0.213872832
42049011508,0.223404255
42049011600,0.050058207
42049011701,0.157467532
42049011702,0.163358779
42049011801,0.123732252
42049011802,0.113913751
42049011900,0.053772071
42049012001,0.083421331
42049012002,0.049400141
42049012100,0.127199413
42049012201,0.2248307
42049012202,0.127844435
42051260100,0.071541502
42051260200,0.106490872
42051260300,0.066914498
42051260401,0.055970149
42051260402,0.113930348
42051260500,0.036548606
42051260600,0.084024323
42051260700,0.054700855
42051260800,0.013982103
42051260900,0.129166667
42051261000,0.055504163
42051261100,0.099373321
42051261200,0.052504039
42051261300,0.070091424
42051261400,0.056074766
42051261500,0.112541993
42051261600,0.068535826
42051261700,0.057659208
42051261800,0.049668874
42051261900,0.030812325
42051262000,0.270863836
42051262100,0.05787234
42051262200,0.08157277
42051262300,0.059574468
42051262400,0.11030479
42051262500,0.085993485
42051262600,0.057454545
42051262700,0.10850327
42051262800,0.06266756
42051262900,0.066666667
42051263000,0.093007916
42051263100,0.096299599
42051263200,0.076200418
42051263300,0.048
42053980100,0.057575758
42053980200,0.059398496
42055010100,0.114559819
42055010200,0.141957642
42055010300,0.142685851
42055010400,0.133095855
42055010500,0.140115858
42055010600,0.149434257
42055010700,0.191835482
42055010800,0.085680048
42055010900,0.113095238
42055011000,0.109375
42055011100,0.137254902
42055011200,0.037477148
42055011300,0.200049826
42055011400,0.071258907
42055011500,0.1484375
42055011600,0.179404666
42055011700,0.182169182
42055011800,0.176163095
42055011900,0.230540196
42055012000,0.101509434
42055012100,0.194335169
42055012200,0.065653075
42055012300,0.05840708
42055012400,0.049436253
42055012501,0.270352634
42055012502,0.152010907
42057990100,0.103430878
42057990200,0.100922131
42057990300,0.121141526
42059970100,0.099616858
42059970200,0.146994931
42059970300,0.084263393
42059970400,0.115314216
42059970500,0.117977528
42059970600,0.045698925
42059970700,0.1003861
42059970800,0.119782214
42061950100,0.108033241
42061950200,0.176547231
42061950300,0.067821782
42061950400,0.087416699
42061950500,0.094339623
42061950600,0.122580645
42061950800,0.062374245
42061950900,0.051630435
42061951000,0.039173014
42061951100,0.114035088
42061951200,0.08866201
42061951300,0.063414634
42063960100,0.05227427
42063960200,0.048538012
42063960300,0.048357664
42063960400,0.044354839
42063960500,0.144252442
42063960600,0.089580387
42063960700,0.144678139
42063960800,0.200789993
42063960900,0.164099526
42063961000,0.129943503
42063961101,0.044036697
42063961102,0
42063961200,0.093179635
42063961300,0.072851806
42063961400,0.070958303
42063961500,0.076196102
42063961600,0.063089916
42063961700,0.058402861
42063961800,0.075177305
42063961900,0.087542088
42063962000,0.127972028
42063962100,0.060679612
42063962200,0.060150376
42065950100,0.077486911
42065950200,0.096416382
42065950300,0.070560748
42065950400,0.162566845
42065950500,0.043968433
42065950600,0.101507092
42065950700,0.045019157
42065950800,0.044785669
42065950900,0.095631641
42065951000,0.077333333
42065951100,0.102386935
42065951200,0.040978189
42065951300,0.065427509
42067970100,0.084046114
42067970200,0.064673157
42067970300,0.125211506
42067970400,0.125514403
42069100200,0
42069100300,0.076433121
42069100400,0.07544757
42069100500,0.098684211
42069100600,0.107119949
42069100800,0.06517094
42069100900,0.037914692
42069101000,0.112
42069101100,0.031403337
42069101200,0.072881356
42069101300,0.087445887
42069101400,0.053916582
42069101600,0.047250859
42069101700,0.084644195
42069101800,0.201017812
42069101900,0.099303136
42069102000,0.046275395
42069102100,0.03974122
42069102200,0.086792453
42069102300,0.051912568
42069102500,0.050455501
42069102600,0.033492823
42069102700,0.1042502
42069102800,0.147080029
42069102900,0.033068783
42069103000,0.110948905
42069103100,0.123695976
42069110100,0.095360825
42069110201,0.235438381
42069110202,0.214385801
42069110300,0.245549417
42069110401,0.392649903
42069110402,0.478388998
42069110403,0.275634995
42069110500,0.260948905
42069110600,0.144019528
42069110700,0.014464802
42069110800,0.055056852
42069110900,0.086342229
42069111000,0.068441065
42069111100,0.155833986
42069111200,0.103544128
42069111300,0.103082365
42069111400,0.087144921
42069111500,0.131021195
42069111600,0.05267423
42069111700,0.059794989
42069111800,0.241517582
42069112000,0.177261614
42069112100,0.132057416
42069112200,0.169880624
42069112300,0.09202454
42069112400,0.205710578
42069112500,0.054564533
42069112600,0.126810176
42069112700,0.101545254
42069112800,0.154450262
42069112900,0.187100213
42071000100,0.071285141
42071000200,0.035120148
42071000300,0.02027027
42071000400,0.019573978
42071000500,0.076655052
42071000600,0.102310231
42071000700,0.163144548
42071000800,0.062180579
42071000900,0.034107402
42071001000,0.048101266
42071001100,0.033333333
42071001200,0.024219591
42071001400,0.041551247
42071001500,0.014084507
42071001600,0.058171745
42071010101,0.180217938
42071010102,0.118215613
42071010201,0.220012055
42071010202,0.225676454
42071010300,0.123701894
42071010400,0.197324415
42071010501,0.20740268
42071010502,0.137335152
42071010600,0.213310156
42071010701,0.131147541
42071010702,0.051629073
42071010801,0.207746479
42071010802,0.19469697
42071010900,0.163387796
42071011000,0.145575642
42071011100,0.177162049
42071011200,0.01038961
42071011300,0.102531646
42071011400,0.058413719
42071011502,0.179822513
42071011503,0.259310987
42071011504,0.218113976
42071011600,0.206851691
42071011701,0.250832937
42071011702,0.354905514
42071011703,0.302663438
42071011801,0.378378378
42071011802,0.225906278
42071011803,0.169325153
42071011804,0.254017094
42071011805,0.218373494
42071011900,0.427647341
42071012001,0.174976916
42071012002,0.124207858
42071012101,0.254227572
42071012102,0.298522844
42071012200,0.111150442
42071012301,0.087731323
42071012302,0.093700787
42071012401,0.209322276
42071012402,0.119296317
42071012501,0.233557549
42071012502,0.152043269
42071012601,0.169382504
42071012602,0.175352113
42071012700,0.15735415
42071012800,0.126954922
42071012900,0.134854772
42071013000,0.184508268
42071013101,0.165170557
42071013102,0.20819398
42071013202,0.116889093
42071013203,0.251612903
42071013204,0.156388553
42071013301,0.208856972
42071013302,0.239528024
42071013400,0.218181818
42071013501,0.083794006
42071013502,0.1904
42071013503,0.444976077
42071013601,0.165714286
42071013602,0.154202899
42071013701,0.100694444
42071013702,0.197268589
42071013800,0.208026756
42071013901,0.220472441
42071013902,0.180144642
42071014000,0.219470538
42071014101,0.1461837
42071014102,0.152563311
42071014201,0.282121006
42071014202,0.151293962
42071014300,0.169666967
42071014401,0.152027027
42071014402,0.161976235
42071014501,0.175695461
42071014502,0.157534247
42071014601,0.239800167
42071014602,0.194892473
42073000100,0.10343062
42073000200,0
42073000300,0.025227751
42073000400,0.017523364
42073000600,0
42073000700,0.028037383
42073000800,0.07348407
42073000900,0.023160763
42073001000,0
42073010100,0.162807525
42073010200,0.217444343
42073010300,0.173076923
42073010400,0.075705437
42073010500,0.135881104
42073010600,0.144899905
42073010700,0.072916667
42073010800,0.201286417
42073010900,0.099502488
42073011000,0.17311412
42073011100,0.118480361
42073011200,0.088607595
42073011300,0.192913386
42073011400,0.066006601
42073011500,0.09472162
42073011600,0.110867179
42073011700,0.103266596
42073011800,0.051993068
42075000100,0.035288726
42075000200,0.100551549
42075000300,0.017699115
42075000400,0.037338764
42075000500,0.098340504
42075002000,0.145238095
42075002100,0.143474088
42075002200,0.118620038
42075002300,0.123864575
42075002400,0.201349831
42075002500,0.145285935
42075002600,0.099244876
42075002701,0.126685934
42075002702,0.135148515
42075002800,0.148553055
42075002900,0.109656301
42075003000,0.116618076
42075003100,0.179946879
42075003200,0.298574644
42075003300,0.093444909
42075003400,0.131440589
42075003500,0.23890785
42075003600,0.039087948
42075003700,0.224693252
42075003800,0.278757939
42075003900,0.110725552
42075004000,0.303672851
42075004100,0.245884774
42075004200,0.238225256
42077000100,0.044906166
42077000200,0
42077000300,0.013397129
42077000400,0.041058394
42077000500,0.028960818
42077000600,0.055847255
42077000700,0.048653345
42077000800,0.024451939
42077000900,0
42077001000,0
42077001100,0
42077001200,0.014084507
42077001300,0.021428571
42077001401,0.060113422
42077001402,0.086820084
42077001501,0.052631579
42077001502,0.125044279
42077001600,0.039819005
42077001700,0.024256651
42077001800,0.026640676
42077001900,0.049488055
42077002000,0.050669773
42077002100,0.057164929
42077002201,0.158671587
42077002202,0.081589958
42077002301,0.373875375
42077002302,0.177777778
42077005100,0.141124587
42077005200,0.185010862
42077005300,0.236258438
42077005400,0.34228703
42077005501,0.362735698
42077005502,0.299561083
42077005601,0.200861605
42077005602,0.18177526
42077005701,0.245817976
42077005702,0.099898063
42077005703,0.088196286
42077005800,0.049798116
42077005901,0.108447489
42077005902,0.111695138
42077006001,0.201186624
42077006002,0.431753555
42077006101,0.182051282
42077006102,0.277852954
42077006201,0.484880637
42077006202,0.280127694
42077006302,0.254840162
42077006303,0.181434599
42077006304,0.461229947
42077006305,0.371106095
42077006306,0.404458057
42077006400,0.302649457
42077006500,0.073141
42077006600,0.189302326
42077006701,0.145723337
42077006702,0.256723716
42077006703,0.439437784
42077006800,0.144578313
42077006902,0.174603175
42077006903,0.439110662
42077006904,0.41593813
42077007000,0.297736917
42077009100,0.066186107
42077009200,0.087962963
42077009300,0.26584022
42077009400,0.108125819
42077009500,0.133748802
42079200100,0.010706638
42079200200,0.157628344
42079200300,0.164907652
42079200400,0.056099733
42079200500,0.024038462
42079200600,0.06673209
42079200700,0.034482759
42079200800,0.080291971
42079200900,0.039941903
42079201000,0.036476868
42079201100,0.031446541
42079201200,0.001557632
42079201300,0.046540881
42079201400,0.033563672
42079201500,0.09295499
42079201600,0.026666667
42079210100,0.134854772
42079210200,0.091954023
42079210300,0.091666667
42079210400,0.170896785
42079210500,0.17877679
42079210600,0.041925466
42079210700,0.049490539
42079210800,0.04647785
42079210900,0.047413793
42079211000,0.176797945
42079211101,0.101728991
42079211102,0.181341719
42079211201,0.237140366
42079211202,0.168549346
42079211203,0.174450549
42079211301,0.32460733
42079211302,0.193760263
42079211303,0.175697865
42079211304,0.191836735
42079211400,0.295939436
42079211500,0.194107452
42079211600,0.071197411
42079211701,0.168172691
42079211702,0.337579618
42079211800,0.142025611
42079211900,0.161660479
42079212000,0.072316384
42079212100,0.185572687
42079212200,0.120203421
42079212300,0.033959538
42079212700,0.059050064
42079212800,0.212806026
42079212900,0.12195122
42079213000,0.056987788
42079213100,0.083839611
42079213200,0.044701987
42079213300,0.091666667
42079213400,0.167204301
42079213600,0.043432203
42079213700,0.042105263
42079213800,0.050445104
42079213900,0.107323232
42079214000,0.053380783
42079214100,0.048839071
42079214200,0.035058431
42079214300,0.066985646
42079214400,0.112660944
42079214500,0.019230769
42079214600,0.086009174
42079214700,0.103367267
42079214800,0.057906459
42079214900,0.066350711
42079215000,0.084485407
42079215100,0.080357143
42079215200,0.074124914
42079215300,0.195896757
42079215400,0.143107989
42079215501,0.298899756
42079215502,0.246070947
42079215503,0.336422614
42079215504,0.15210356
42079215600,0.091484465
42079215701,0.118644068
42079215702,0.116129032
42079215800,0.10440613
42079215900,0.075513196
42079216000,0.039393939
42079216100,0.165921788
42079216200,0.111429938
42079216400,0.120327103
42079216501,0.291718171
42079216502,0.25229741
42079216600,0.175533428
42079216700,0.042132982
42079216800,0.066619419
42079216900,0.083997873
42079217001,0.078384798
42079217002,0.12519685
42079217100,0.031176929
42079217200,0.042870457
42079217300,0.096352374
42079217400,0.018897638
42079217500,0.019653179
42079217600,0.024266936
42079217700,0.077929804
42079217800,0.046968403
42079217900,0.02247191
42081000100,0.150722643
42081000200,0.234856536
42081000300,0.110091743
42081000400,0.006690455
42081000500,0.04787234
42081000600,0.03562341
42081000800,0
42081000900,0.030705394
42081001000,0.034168565
42081010100,0.055900621
42081010200,0.131914894
42081010300,0.141122914
42081010400,0.126077098
42081010500,0.161221892
42081010600,0.104778353
42081010700,0.113712375
42081010800,0.107902253
42081010900,0.263157895
42081011000,0.07278481
42081011100,0.080367853
42081011200,0.211455847
42081011300,0.113261421
42081011400,0.105035971
42081011600,0.085050703
42081011700,0.088775909
42081011800,0.142628205
42081011900,0.06147047
42083420100,0.097435897
42083420200,0.034042553
42083420300,0.060853769
42083420400,0.037815126
42083420500,0.166936791
42083420600,0.084802687
42083420700,0.108347153
42083420800,0.101198402
42083420900,0.080629302
42083421000,0.10005184
42083421100,0.050452781
42083421200,0.113168724
42085030100,0.027322404
42085030200,0
42085030300,0.053234116
42085030400,0.170671085
42085030500,0.049747049
42085030600,0.053553038
42085030700,0.052873563
42085030800,0
42085030900,0.072625698
42085031000,0.009966777
42085031100,0.050215208
42085031200,0.173626374
42085031300,0.192997438
42085031400,0.131765584
42085031500,0.042600897
42085031600,0.035040431
42085031700,0.180942184
42085031800,0.066631689
42085031900,0.109589041
42085032000,0.091273821
42085032100,0
42085032200,0.054251012
42085032300,0.173590504
42085032400,0.104329312
42085032501,0.069609508
42085032502,0.133832976
42085032601,0.135802469
42085032602,0.07238806
42085032701,0.134748272
42085032702,0.103529412
42085032800,0.181680162
42085032900,0.097806216
42085033000,0.087774295
42085033100,0.19086177
42087960100,0.060569352
42087960200,0.114964676
42087960300,0.075208914
42087960400,0.088888889
42087960500,0.046463245
42087960600,0.029876977
42087960700,0.017941454
42087960800,0.022321429
42087960900,0.075598086
42087961000,0.023613963
42087961100,0.087346397
42087961200,0.072212066
42089300101,0.186492709
42089300102,0.120853081
42089300103,0.225061253
42089300200,0.143359925
42089300301,0.074590164
42089300302,0.13528481
42089300303,0.153790614
42089300304,0.124131944
42089300401,0.272195641
42089300402,0.252110514
42089300403,0.322033898
42089300500,0.245524297
42089300600,0.188055909
42089300700,0.158615717
42089300800,0.153993856
42089300900,0.197542103
42089301000,0.341934036
42089301100,0.305472038
42089301201,0.212696182
42089301202,0.182082606
42089301203,0.218776916
42089301301,0.218005952
42089301302,0.145012573
42091200103,0.597000937
42091200104,0.529104478
42091200105,0.613661814
42091200106,0.350140056
42091200200,0.322033898
42091200301,0.180398282
42091200305,0.304783092
42091200306,0.346364883
42091200307,0.19622093
42091200308,0.153189066
42091200309,0.227186312
42091200310,0.427425822
42091200401,0.210598761
42091200402,0.225961538
42091200501,0.398894155
42091200502,0.13961039
42091200505,0.522899066
42091200506,0.437853107
42091200507,0.289422135
42091200602,0.40451895
42091200603,0.536407767
42091200604,0.453422724
42091200605,0.423020167
42091200703,0.401810585
42091200704,0.278294574
42091200707,0.111111111
42091200708,0.342926829
42091200800,0.15496368
42091200901,0.18175583
42091200902,0.212290503
42091200903,0.151074956
42091200906,0.13943662
42091200907,0.195
42091200908,0.118937644
42091201003,0.365173675
42091201004,0.353021978
42091201005,0.599259259
42091201006,0.666243655
42091201100,0.292537313
42091201201,0.598975314
42091201203,0.452044025
42091201204,0.328867235
42091201301,0.255849057
42091201302,0.148031496
42091201404,0.624709977
42091201406,0.570617907
42091201407,0.394768133
42091201408,0.625525947
42091201409,0.633597884
42091201410,0.451578947
42091201411,0.369439072
42091201501,0.393347795
42091201502,0.595900439
42091201603,0.326073429
42091201604,0.289069557
42091201605,0.289398281
42091201606,0.311897106
42091201607,0.349298101
42091201608,0.432385374
42091201703,0.285846438
42091201704,0.316445183
42091201705,0.300923077
42091201706,0.254842615
42091201800,0.305098039
42091201901,0.423619271
42091201902,0.330505051
42091202000,0.281920327
42091202100,0.260334646
42091202201,0.323607427
42091202202,0.440501044
42091202301,0.497165286
42091202302,0.347826087
42091202401,0
42091202402,0.476190476
42091202500,0.25974026
42091202602,0.538693467
42091202603,0.325814536
42091202604,0.392929293
42091203000,0.553249097
42091203103,0.583793738
42091203104,0.480701754
42091203105,0.538497434
42091203106,0.3
42091203203,0.485275288
42091203204,0.501139818
42091203205,0.656171285
42091203207,0.501411101
42091203208,0.544154752
42091203302,0.387166236
42091203303,0.249178172
42091203304,0.238036047
42091203401,0.165457184
42091203402,0.32183908
42091203403,0.28681178
42091203500,0.11661683
42091203601,0.051111111
42091203602,0.155279503
42091203700,0.107784431
42091203801,0.136363636
42091203803,0.095619658
42091203804,0.099378882
42091203901,0.036342321
42091203902,0.102071006
42091204002,0.226824458
42091204004,0.278688525
42091204005,0.279001468
42091204007,0.163366337
42091204008,0.241409692
42091204009,0.289655172
42091204010,0.496558505
42091204101,0.35443038
42091204102,0.245642702
42091204200,0.357142857
42091204300,0.469916222
42091204400,0.590909091
42091204500,0.702720637
42091204600,0.800362976
42091204701,0.485008818
42091204702,0.580645161
42091204800,0.784522003
42091204900,0.695031411
42091205000,0.319092123
42091205100,0.303074671
42091205200,0.539483972
42091205300,0.200236967
42091205400,0.507849294
42091205501,0.222616933
42091205502,0.703557312
42091205503,0.488215488
42091205600,0.39672323
42091205700,0.086976321
42091205801,0.186754967
42091205805,0.333895447
42091205806,0.225846926
42091205807,0.202965709
42091205808,0.538108883
42091205809,0.466735967
42091205903,0.716814159
42091205904,0.692992214
42091205905,0.208232446
42091205906,0.462195122
42091206004,0.34378921
42091206005,0.440331844
42091206006,0.303225806
42091206007,0.351689033
42091206008,0.582565991
42091206009,0.610714286
42091206102,0.466287879
42091206104,0.561366062
42091206105,0.657731959
42091206106,0.395348837
42091206201,0.133131619
42091206202,0.11196319
42091206300,0.535657686
42091206400,0.322580645
42091206500,0.435762056
42091206600,0.110807114
42091206701,0.506369427
42091206702,#DIV/0!
42091206801,0.549019608
42091206802,0.413184773
42091206901,0.271334792
42091206904,0.272275176
42091206905,0.477587161
42091206906,0.395367412
42091207001,0.509944312
42091207003,0.535343035
42091207004,0.321535693
42091207101,0.357291667
42091207103,0.39015939
42091207104,0.243060765
42091207201,0.216346154
42091207202,0.184306569
42091207300,0.239790576
42091207400,0.418400876
42091207500,0.447447447
42091207600,0.300220751
42091207800,0.343951985
42091207900,0.169393648
42091208000,0.191979522
42091208100,0.130434783
42091208201,0.218241042
42091208203,0.164828431
42091208204,0.425699301
42091208301,0.298553719
42091208302,0.480297723
42091208400,0.32127031
42091208500,0.286175363
42091208601,0.445330831
42091208603,0.408973253
42091208604,0.3197176
42091208702,0.385400314
42091208703,0.311081442
42091208704,0.203810624
42091208801,0.013671875
42091208802,0.119162641
42091208901,0.092265943
42091208903,0.161803714
42091208904,0.028072838
42091208905,0.124481328
42091208906,0.063670412
42091209000,0.024205749
42091209100,0.377275234
42091209201,0.149476831
42091209202,0.140250855
42091210100,0.322132944
42091210200,0.421212121
42091210300,0.452253629
42091210400,0.393063584
42091210500,0.474198047
42093950100,0.121934605
42093950200,0.22861934
42093950300,0.051993942
42093950400,0.221504384
42095010100,0.13653603
42095010200,0.470464135
42095010300,0.145743146
42095010400,0.17509542
42095010500,0.026993865
42095010600,0.130632091
42095010700,0.081807082
42095010800,0.112903226
42095010900,0.071369975
42095011000,0.089334549
42095011100,0
42095011200,0.032751092
42095011300,0.117917305
42095014100,0.261674718
42095014200,0.060832444
42095014300,0.048759624
42095014400,0.058047493
42095014500,0.070224719
42095014600,0.06037415
42095014700,0.128117914
42095015100,0.23132137
42095015201,0.127439724
42095015202,0.222222222
42095015300,0.236602052
42095015400,0.194294526
42095015500,0.246200608
42095015600,0.199733688
42095015700,0.098425197
42095015800,0.345729013
42095015901,0.240604752
42095015902,0.236573759
42095016001,0.226965342
42095016002,0.239329268
42095016100,0.128174123
42095016201,0.110782241
42095016202,0.204026846
42095016300,0.10942492
42095016400,0.227133211
42095016500,0.231746032
42095016600,0.145116279
42095016700,0.322741433
42095016800,0.196133709
42095016900,0.400847857
42095017000,0.18469218
42095017100,0.394556528
42095017200,0.060097051
42095017300,0.092128801
42095017401,0.299587552
42095017402,0.222222222
42095017501,0.176227085
42095017502,0.327488688
42095017601,0.307012003
42095017602,0.390895219
42095017603,0.167522465
42095017701,0.444554455
42095017702,0.399280576
42095017800,0.100775194
42095017901,0.141200546
42095017902,0.147225368
42095018001,0.310775296
42095018002,0.413269088
42095018100,0.392090871
42097960100,0.177935943
42097960200,0.086188244
42097960300,0.050922509
42097960400,0.056026059
42097960500,0.126890204
42097960600,0.156042497
42097960700,0.140675241
42097960800,0.189461883
42097960900,0.088483146
42097961000,0.021354484
42097961100,0.071304348
42097961200,0.063843648
42097961300,0.057692308
42097961400,0.025527192
42097961500,0.1019879
42097961600,0.03962536
42097961700,0.011144883
42097961800,0.071569271
42097961900,0.0969163
42097962000,0.021323127
42097962100,0.033043478
42097962200,0.0135318
42097962300,0.119671289
42097962400,0.112970711
42099030100,0.117195496
42099030200,0.103238217
42099030301,0.163049232
42099030302,0.140591966
42099030400,0.157070707
42099030501,0.128952569
42099030502,0.122627737
42099030601,0.136897001
42099030602,0.084313725
42101000100,0.328491097
42101000200,0.172985782
42101000300,0.303232999
42101000400,0.152075129
42101000500,0.028455285
42101000600,0.247404844
42101000700,0.157923202
42101000800,0.294602833
42101000900,0.162991041
42101001000,0.469259365
42101001100,0.298525074
42101001200,0.398442714
42101001300,0.265372168
42101001400,0.275399691
42101001500,0.255485893
42101001600,0.341216216
42101001700,0.358270419
42101001800,0.357245337
42101001900,0.160846561
42101002000,0.059556787
42101002100,0.033025099
42101002200,0.041439477
42101002300,0.118096856
42101002400,0.126046283
42101002500,0.190566038
42101002600,#DIV/0!
42101002700,0.131825525
42101002800,0.114763722
42101002900,0.127088608
42101003000,0.049864708
42101003100,0.017241379
42101003200,0.010193133
42101003300,0.014962594
42101003400,0
42101003500,0
42101003600,0.029759634
42101003701,0.005196032
42101003702,0.01065449
42101003800,0.175637394
42101003901,0.115037299
42101003902,0.21731676
42101004001,0.104031857
42101004002,0.058381247
42101004101,0.022026432
42101004102,0.03820871
42101004201,0.162528217
42101004202,0.116685457
42101004300,#DIV/0!
42101004400,0.033254157
42101004500,0.213793103
42101004600,0
42101004700,0.302877698
42101004800,0.120481928
42101004900,#DIV/0!
42101005000,#DIV/0!
42101005100,0.11827957
42101005200,#DIV/0!
42101005400,0.126736111
42101005500,0.125819135
42101005600,0
42101005700,#DIV/0!
42101005800,#DIV/0!
42101005900,#DIV/0!
42101006000,0.056425041
42101006100,0.011937557
42101006200,0.014106583
42101006300,0.066204773
42101006400,0.062543921
42101006500,0.085574572
42101006600,0.047142857
42101006700,0.036477987
42101006800,0
42101006900,0.046845124
42101007000,0.073551263
42101007100,0.021982414
42101007200,0.019171305
42101007300,0.027640671
42101007400,0.063157895
42101007500,#DIV/0!
42101007600,0
42101007700,0.103186646
42101007800,0.137457045
42101007900,0.144750795
42101008000,0.066063978
42101008100,0.024448898
42101008200,0.028559936
42101008301,0.046577276
42101008302,0.048396501
42101008400,0.034668261
42101008500,0.027037466
42101008600,0.0969286
42101008700,0.184573931
42101008800,0.066314996
42101008900,0.250841751
42101009000,0.122381477
42101009100,0.104423495
42101009200,0.061772605
42101009300,0.088782244
42101009400,0.015397083
42101009500,0.020034843
42101009600,0.006618134
42101009700,1
42101009800,0.047433398
42101009900,0.278195489
42101010000,0.050806934
42101010100,0.10158883
42101010200,0
42101010300,0.082207207
42101010400,0.014237856
42101010500,0.025
42101010600,0.023346304
42101010700,0.021617294
42101010800,0.024855012
42101010900,0.079746835
42101011000,0.051437216
42101011100,0.024584237
42101011200,0.044684854
42101011300,0.072476273
42101011400,0.040550326
42101011500,0.077065351
42101011600,0.239747634
42101011700,0.237569061
42101011800,0.187890437
42101011900,0.055055055
42101012000,0.164736165
42101012100,0.063829787
42101012200,0.049093974
42101012300,#DIV/0!
42101012400,0
42101012500,0.209970427
42101012600,0.3639399
42101012700,0
42101012800,0.163157895
42101012900,0.308310992
42101013000,0.371900826
42101013100,0.03992016
42101013200,0.034021871
42101013300,0.097902098
42101013400,0.317297851
42101013500,0.154406409
42101013600,0.408090615
42101013700,0.102564103
42101013800,0.036568214
42101013900,0.007352941
42101014000,0.031434185
42101014100,0.063613232
42101014200,0.1709062
42101014300,0.103343465
42101014400,0.039126479
42101014500,0
42101014600,0.109953704
42101014700,0.022580645
42101014800,0
42101014900,0.028679245
42101015000,0.083333333
42101015100,0.021501586
42101015200,0.012425716
42101015300,0.070787637
42101015400,0.151658768
42101015500,0
42101015600,0.022123894
42101015700,0.070953437
42101015800,0.163934426
42101015900,0.042397661
42101016000,0.072607261
42101016100,0.028872848
42101016200,0.005326232
42101016300,0
42101016400,0
42101016500,0.024061598
42101016600,0
42101016700,0.056772463
42101016800,0.005669738
42101016901,0.02256245
42101016902,0.029080675
42101017000,0.026794258
42101017100,0.035885167
42101017200,0.012741172
42101017300,0.043010753
42101017400,0.102564103
42101017500,0
42101017601,0.003357583
42101017602,0.012793177
42101017700,0.006426735
42101017800,0.032563025
42101017900,0.065712772
42101018000,0.078499278
42101018100,0
42101018200,0
42101018300,0.120446533
42101018400,0.067549669
42101018500,0
42101018600,0.10589942
42101018700,0.097451274
42101018800,0.032462391
42101018900,0
42101019000,0.020137104
42101019100,0.042857143
42101019200,0.022249691
42101019300,0
42101019400,0
42101019500,0.032419915
42101019600,0.02173913
42101019700,0.037184595
42101019800,0.04094579
42101019900,0.022032694
42101020000,0.034545455
42101020100,0.017000378
42101020200,0.042998897
42101020300,0.022580645
42101020400,0.048309179
42101020500,0.023919043
42101020600,0.24742268
42101020700,0.303780378
42101020800,0.124517375
42101020900,0.135313531
42101021000,0.150199886
42101021100,0.17710944
42101021200,0.206489676
42101021300,0.11440678
42101021400,0.189823875
42101021500,0.153231179
42101021600,0.070960699
42101021700,0.280664395
42101021800,0.128472222
42101021900,0.217391304
42101022000,0.457352941
42101022100,0.408312958
42101022200,0.525233645
42101022300,0
42101022400,0.52
42101022500,0.523809524
42101022600,0.436781609
42101022700,0.588235294
42101022800,0.429597701
42101022900,0.666666667
42101023000,0.468879668
42101023100,0.561436673
42101023200,0.301104972
42101023300,0.327710843
42101023400,0.459627329
42101023500,0.334004024
42101023600,0.469754253
42101023700,0.173686701
42101023800,0.106578276
42101023900,0.013876041
42101024000,0.180175246
42101024100,0.023655914
42101024200,0.056659308
42101024300,0.130773845
42101024400,0.066176471
42101024500,0.029257314
42101024600,0.050150451
42101024700,0.09575234
42101024800,0.065063649
42101024900,0.022265247
42101025000,0
42101025100,0.147838215
42101025200,0.133054393
42101025300,0.043754411
42101025400,0.205211726
42101025500,0.29050815
42101025600,0.341176471
42101025700,0.28422345
42101025800,0.250341997
42101025900,0.107277628
42101026000,0.129294756
42101026100,0.222470238
42101026200,0.09622196
42101026301,0.105946685
42101026302,0.08680947
42101026400,0.090459713
42101026500,0.074795726
42101026600,0.07306712
42101026700,0.056266977
42101026800,0.060526316
42101026900,0.161971831
42101027000,0.189281642
42101027100,0.131378936
42101027200,0.117346939
42101027300,0.050317538
42101027400,0.021718602
42101027500,0.04982699
42101027600,0.12403644
42101027700,0.056218058
42101027800,0.027679919
42101027900,0.028278888
42101028000,0.069426752
42101028100,0.045655376
42101028200,0.045531197
42101028300,0.056358382
42101028400,0.015910899
42101028500,0.008196721
42101028600,0.019230769
42101028700,0.033823529
42101028800,0.031128405
42101028900,0.043404544
42101029000,0.067611778
42101029100,0.081619537
42101029200,0.144736842
42101029300,0.008196721
42101029400,0
42101029500,0.036144578
42101029600,0.0125
42101029700,0.057692308
42101029800,0.032239493
42101029900,0.051380861
42101030000,0.071846282
42101030100,0.092565239
42101030200,0.108423686
42101030300,0.047854785
42101030400,0.1375
42101030500,0.135978112
42101030600,0.089662838
42101030700,0.159348442
42101030800,0.163011263
42101030900,0.119581465
42101031000,0.140573578
42101031100,0.081355932
42101031200,0.057640751
42101031300,0.078617711
42101031400,0.038210156
42101031500,0.15556094
42101031600,0.123548537
42101031700,0.159111514
42101031800,0.081061693
42101031900,0.046239211
42101032000,0.079541109
42101032100,0.036089239
42101032200,0.241758242
42101032300,0.052023121
42101032400,#DIV/0!
42101032500,0.053620532
42101032600,0.119774011
42101032700,0
42101032800,#DIV/0!
42101032900,0.044354839
42101033000,0.051652893
42101033100,0.111608318
42101033200,0.181646168
42101033300,0.134097421
42101033400,0.109575013
42101033500,0.157547792
42101033600,0.088071349
42101033700,0.115042228
42101033800,0.177190213
42101033900,0.165024631
42101034000,0.23885918
42101034100,0.14504116
42101034200,0.173648649
42101034300,0.430379747
42101034400,0.335061088
42101034500,0.096052301
42101034600,0.057261411
42101034701,0.160979526
42101034702,0.299270073
42101034801,0.11944028
42101034802,0.149059982
42101034803,0.179647527
42101034900,0.092729647
42101035100,0.105031754
42101035200,0.284393692
42101035301,0.191133005
42101035302,0.131512393
42101035400,#DIV/0!
42101035500,0.128213689
42101035600,0.246105919
42101035700,0.079734219
42101035800,0.246849196
42101035900,0.187115111
42101036000,0.157569516
42101036100,0.087231353
42101036201,0.086621752
42101036202,0.198731501
42101036203,0.192790825
42101036301,0.233555063
42101036302,0.161490683
42101036303,0.253706755
42101036400,0
42101036500,0.242415651
42101036600,0.54798331
42103950100,0.166429182
42103950200,0.174783796
42103950300,0.193609023
42103950500,0.15712743
42103950600,0.260319821
42103950700,0.152734129
42103950800,0.09890411
42103950900,0.137055838
42105950100,0.067901235
42105950200,0.065485362
42105950300,0.112804878
42105950400,0.082695253
42105950500,0.042094456
42107000100,0.089240184
42107000200,0.029441624
42107000300,0.140907266
42107000400,0.110121457
42107000500,0.012675419
42107000600,0.038103302
42107000700,0.085484796
42107000800,0.071176471
42107000900,0.066666667
42107001000,0.05907781
42107001100,0.135955056
42107001200,0.107798165
42107001300,0.061680802
42107001400,0.120798319
42107001500,0.057800512
42107001600,0.170522141
42107001700,0.18019943
42107001800,0.087633885
42107001900,0.049142327
42107002000,0.048316252
42107002100,0.074576271
42107002200,0.073750991
42107002300,0.00488145
42107002400,0.054511278
42107002500,0.088785047
42107002600,0.02027027
42107002700,0.035188216
42107002800,0.048417132
42107002900,0.159012132
42107003000,0.264392324
42107003100,0.181818182
42107003200,0.148510242
42107003300,0.11300738
42107003400,0.17699776
42107003500,0.134664619
42107003600,0.167785235
42107003700,0.106296547
42107003800,0.107266436
42107003900,0.153619776
42109980100,0.18472611
42109980200,0.145419847
42109980300,0.051858651
42109980400,0.076108871
42109980500,0.069940476
42109980600,0.127494457
42109980700,0.073200242
42111020101,0.103567319
42111020102,0.090509666
42111020200,0.077363897
42111020300,0.022256729
42111020400,0.053107345
42111020500,0.046037736
42111020600,0.058797127
42111020700,0.095365419
42111020800,0.100953449
42111020900,0.153055706
42111021000,0.077183099
42111021100,0.028598665
42111021200,0.204448246
42111021300,0.093362509
42111021400,0.078320091
42111021500,0.127593361
42111021600,0.052480916
42111021700,0.066911091
42111021800,0.076604555
42111021900,0.08590535
42113980100,0.076330532
42113980200,0.072761194
42115032000,0.151029748
42115032100,0.16802168
42115032200,0.112426036
42115032300,0.067567568
42115032400,0.101713654
42115032500,0.119158879
42115032600,0.109489051
42115032700,0.093979442
42115032800,0.102349869
42115032901,0.137173397
42115032902,0.070645554
42117990100,0.091967404
42117990200,0.064136126
42117990300,0.069808028
42117990400,0.086701434
42117990500,0.078335373
42117990600,0.122262774
42117990700,0.079833872
42117990800,0.112299465
42117990900,0.081147041
42117991000,0.062271062
42119990100,0.104519774
42119990200,0.068950749
42119990300,0.098154982
42119990400,0.155149051
42119990500,0.108550434
42119990600,0.383277217
42119990700,0.171686747
42121200000,0.098893499
42121200100,0.086734694
42121200200,0.12135506
42121200300,0.039780521
42121200400,0.099236641
42121200500,0.054316198
42121200600,0.11215415
42121200700,0
42121200800,0.07797271
42121200900,0.046594982
42121201000,0.059795437
42121201100,0.110944528
42121201200,0.10675563
42121201300,0.045028143
42121201400,0.090655509
42121201500,0.090459364
42123970100,0.074393109
42123970200,0.1398685
42123970300,0.087410926
42123970400,0.1039783
42123970500,0.077258567
42123970600,0.077769626
42123970700,0.125426621
42123970800,0.085411471
42123970900,0.057336621
42123971000,0.143737166
42123971100,0.091249065
42123971200,0.043560606
42123971400,0.052694611
42125704100,0.069518717
42125711000,0.148220065
42125712700,0.094879518
42125713700,0.063297601
42125714000,0.109255393
42125715700,0.050410317
42125721000,0.168367347
42125722700,0.227848101
42125731000,0.108585859
42125732000,0.148727273
42125741100,0.131563066
42125741200,0.247232472
42125741300,0.229508197
42125741400,0.474114441
42125742100,0.156041016
42125742200,0.195979899
42125743700,0.06466877
42125744100,0.059818969
42125744200,0.074983411
42125745100,0.229199372
42125745200,0.325791855
42125746100,0.368756121
42125746200,0.496476116
42125746300,0.579858884
42125751100,0.100278552
42125751200,0.063301967
42125752700,0.136163175
42125753700,0.293421053
42125754200,0.211174242
42125754300,0.021428571
42125754400,0.029090909
42125754500,0.034428795
42125754600,0.085790885
42125755100,0.109062171
42125755200,0.275234131
42125755700,0.163881748
42125761000,0.181861124
42125762000,0.103825137
42125763700,0.16407355
42125764000,0.13803681
42125771100,0.228314607
42125771200,0.135409614
42125772700,0.051506317
42125773100,0.076070901
42125773200,0.025889968
42125774700,0.209713024
42125775200,0.110483871
42125775300,0.033585223
42125781700,0.146911519
42125782700,0.065517241
42125783200,0.024409449
42125783300,0.038802661
42125784000,0.13022113
42125791000,0.099579243
42125792100,0.14608802
42125792200,0.048152296
42125793700,0.102669405
42125794700,0.133380381
42125795700,0.111358575
42127960100,0.088135593
42127960200,0.101180438
42127960300,0.131773399
42127960400,0.148965517
42127960500,0.14893617
42127960600,0.135028496
42127960700,0.037215412
42127960800,0.113147045
42127960900,0.110556348
42127961000,0.132581857
42127961100,0.157827476
42127961200,0.090532544
42127961300,0.106818182
42127961400,0.181693989
42129800100,0
42129800200,0.019572954
42129800300,0.070707071
42129800400,0.031565657
42129800500,0.199532346
42129800600,0.045595855
42129800700,0.040139616
42129800800,0.110189573
42129800900,0.048465267
42129801001,0.104010025
42129801002,0.099578059
42129801100,0.113291704
42129801200,0.229515419
42129801300,0.134429949
42129801400,0.052917232
42129801500,0.045202952
42129801600,0.040114613
42129801701,0.148379052
42129801702,0.168030551
42129801703,0.175313059
42129801800,0.134151502
42129801900,0.109415584
42129802001,0.345047923
42129802002,0.234189723
42129802101,0.410334347
42129802102,0.385249458
42129802103,0.520190024
42129802200,0.177563661
42129802301,0.297952361
42129802302,0.326710817
42129802400,0.183887916
42129802500,0.034482759
42129802600,0.026136364
42129802700,0.107985481
42129802800,0.013059701
42129802900,0.231701161
42129803000,0.054658385
42129803100,0.165972635
42129803200,0.170340681
42129803301,0.150651466
42129803302,0.24598587
42129803400,0.21748179
42129803500,0.227602906
42129803600,0.160935351
42129803700,0.270378875
42129803800,0.246268657
42129803900,0.173704702
42129804000,0.081632653
42129804100,0.032209738
42129804200,0.149635036
42129804300,0.094196004
42129804400,0.038767396
42129804501,0.263810015
42129804502,0.171633346
42129804600,0.080536913
42129804701,0.171641791
42129804702,0.153336729
42129804801,0.103686636
42129804802,0.275526742
42129804900,0.110859729
42129805000,0.07987013
42129805100,0.121161826
42129805200,0.070909091
42129805400,0.025778733
42129805500,0.083953241
42129805600,0.076260763
42129805800,0.123907863
42129805900,0.197959184
42129806000,0.055837563
42129806100,0.087842139
42129806200,0.144104803
42129806300,0.047297297
42129806400,0.162348877
42129806500,0.111463286
42129806600,0.082140635
42129806700,0.071798668
42129806800,0.083333333
42129806900,0.134319162
42129807000,0.07826087
42129807100,0.153191489
42129807200,0.229173989
42129807300,0.11366977
42129807401,0.122850123
42129807402,0.214487633
42129807500,0.045540797
42129807600,0.021193093
42129807700,0.135559921
42129807800,0.090277778
42129807900,0.130212766
42129808100,0.117354196
42129808200,0.056105611
42129808300,0.064470588
42129808400,0.163837894
42129808500,0.10866575
42129808600,0.159916926
42131400100,0.088034188
42131400200,0.110018439
42131400300,0.135040745
42131400400,0.152147971
42131400500,0.086326767
42131400600,0.110824742
42131400700,0.094965675
42133000100,0.015025042
42133000200,0
42133000300,0.021352313
42133000400,0.041825095
42133000500,0.011178862
42133000600,0.04
42133000700,0.020810515
42133000800,0.109134045
42133000900,0.069767442
42133001000,0.030411449
42133001100,0.038427167
42133001200,0.032186459
42133001300,0.0968523
42133001400,0.04039845
42133001500,0.079501169
42133001600,0
42133010110,0.205257055
42133010120,0.204695966
42133010130,0.346801347
42133010210,0.195994278
42133010220,0.202169197
42133010300,0.111888112
42133010400,0.211058665
42133010510,0.49126035
42133010520,0.35504886
42133020100,0.287072243
42133020210,0.317218741
42133020220,0.28009828
42133020310,0.328015952
42133020320,0.19504749
42133020410,0.171083217
42133020420,0.231657609
42133020510,0.173295455
42133020521,0.114440079
42133020522,0.181818182
42133020600,0.17700666
42133020710,0.124378109
42133020720,0.109496906
42133020800,0.195346972
42133020910,0.132
42133020921,0.232213796
42133020922,0.146188851
42133021010,0.199209932
42133021020,0.162576687
42133021100,0.080528846
42133021210,0.216285806
42133021220,0.512322275
42133021300,0.041066667
42133021410,0.150526844
42133021420,0.195919938
42133021500,0.12633452
42133021600,0.073825503
42133021711,0.221459227
42133021712,0.183898305
42133021720,0.153061224
42133021800,0.321028345
42133021900,0.073228883
42133022000,0.06043956
42133022100,0.050768203
42133022200,0.181327577
42133022300,0.089256198
42133022400,0.265253361
42133022500,0.145980254
42133022600,0.253628196
42133022700,0.178275862
42133022800,0.227747862
42133022910,0.268422527
42133022920,0.266791045
42133023000,0.079087821
42133023100,0.117047308
42133023200,0.147673922
42133023300,0.261329653
42133023400,0.123102175
42133023500,0.155946321
42133023600,0.149503546
42133023710,0.178794179
42133023720,0.208100969
42133023810,0.225666123
42133023821,0.307182883
42133023822,0.315229776
42133023900,0.311597938
42133024000,0.170117515
